<assembly xmlns="http://maven.apache.org/plugins/maven-assembly-plugin/assembly/1.1.2"
          xmlns:xsi="http://www.w3.org/2001/XMLSchema-instance"
          xsi:schemaLocation="http://maven.apache.org/plugins/maven-assembly-plugin/assembly/1.1.2
          http://maven.apache.org/xsd/assembly-1.1.2.xsd">
    <!-- Assembles all dependencies in target/ directory so scripts can easily run in a development
         environment -->
    <id>development</id>
    <formats>
        <format>dir</format>
    </formats>
    <includeBaseDirectory>false</includeBaseDirectory>
    <dependencySets>
        <dependencySet>
            <outputDirectory>share/java/kafka-connect-hdfs/</outputDirectory>
            <useProjectArtifact>true</useProjectArtifact>
            <useTransitiveFiltering>true</useTransitiveFiltering>
            <excludes>
                <!-- Exclude these jars during packaging. This avoids conflicts of jars
                shipped with Confluent platform and other dependencies such as Hadoop and Avro.
                This allows correctly setup of CLASSPATH in kafka-run-class.sh when running
                kafka connect hdfs connector. -->
                <exclude>org.mortbay.jetty:*</exclude>
                <exclude>com.sun.jersey:*</exclude>
                <exclude>org.eclipse.jetty.aggregate:jetty-all</exclude>
                <exclude>com.sun.jersey.contribs:jersey-guice</exclude>
            </excludes>
        </dependencySet>
    </dependencySets>
</assembly>
